"hospital_accreditation","fraud_rate","approval_rate","avg_risk"
"Government_Recognized",0.0333804809052335,0.483734087694484,26.8509759547383
"NABH_Accredited",0.0312547413139129,0.504475800333788,24.4229403732362
"Non_NABH",0.0304382051954868,0.48779847808974,31.0178430858043
"Unregistered",0.0272812793979304,0.48071495766698,34.7564440263405
